{
  "vac_1_Cr": {
    "-1": [
      7.308652657957137e-80,
      7.017343923988357e-64,
      2.0001131478314079e-54,
      3.199633225401085e-48,
      2.942590073316848e-44,
      1.9549788102950308e-41,
      2.9205119897059774e-39,
      1.5447299509465112e-37,
      3.852769227698726e-36,
      5.487148986417399e-35,
      5.308064700238359e-34,
      5.203829489203376e-33,
      5.191491225474387e-32,
      4.230269023248706e-31,
      2.7915577776436192e-30,
      1.5426619220818665e-29,
      7.346181088890435e-29
    ],
    "-2": [
      2.0772158416433836e-85,
      8.900346706959638e-67,
      8.298175327626741e-56,
      1.1863158966703399e-48,
      1.9016506152855998e-44,
      1.4291671691263554e-41,
      2.334093587303459e-39,
      1.3216703806053231e-37,
      3.47782747473658e-36,
      5.176294270725463e-35,
      5.42099561784598e-34,
      8.114007992939497e-33,
      1.636282229593835e-31,
      2.724246990406576e-30,
      3.5429965605669714e-29,
      3.7361919829186275e-28,
      3.304014621297482e-27
    ],
    "-3": [
      1.0334757168318996e-99,
      3.046001606206332e-76,
      1.9092678750281665e-62,
      1.8312650450364375e-53,
      2.1612473120850308e-48,
      5.419083444105063e-45,
      2.246326531017037e-42,
      2.6738603225943314e-40,
      1.290355839037883e-38,
      3.1837531380682782e-37,
      5.3361842270521646e-36,
      1.7053159823952005e-34,
      9.29801085766365e-33,
      4.079835776114983e-31,
      1.309036795516864e-29,
      3.215957845572903e-28,
      6.312925473677794e-27
    ],
    "0": [
      4.698511535382279e-72,
      1.7181542344698559e-59,
      5.1685075138837565e-52,
      4.552029653157343e-47,
      1.4473381263230545e-43,
      5.819972800465037e-41,
      5.936876365203403e-39,
      2.330051229017625e-37,
      4.585226328844814e-36,
      5.394792677305369e-35,
      4.2847879041252136e-34,
      2.5041715003577244e-33,
      1.1469048123415519e-32,
      4.313043485037545e-32,
      1.3798742126211484e-31,
      3.859901183960707e-31,
      9.646731964624236e-31
    ]
  },
  "vac_2_O": {
    "0": [
      4.607432672267212e-123,
      8.835362987961017e-90,
      9.143509425376272e-70,
      2.1728403535093923e-56,
      8.239394180413078e-47,
      1.3157680653374377e-39,
      5.4543599226348635e-34,
      1.7495678659547697e-29,
      8.704029352471793e-26,
      1.0681129546048531e-22,
      4.45897741705153e-20,
      7.96905073666456e-18,
      7.217180266368709e-16,
      3.7598229172195015e-14,
      1.2414468893093879e-12,
      2.801904773563881e-11,
      4.587971137240799e-10
    ],
    "1": [
      7.542328650071514e-114,
      3.9245762584774433e-84,
      3.472752569474553e-66,
      3.9279034074350326e-54,
      4.6251370274814575e-45,
      4.113620544370622e-38,
      1.0883893942383298e-32,
      2.4455157534319483e-28,
      9.11627298116336e-25,
      8.805885519747841e-22,
      2.880448121528967e-19,
      2.930357387157196e-17,
      1.1633882111405535e-15,
      2.670423563489344e-14,
      4.080679264517285e-13,
      4.450326425783291e-12,
      3.65169513680897e-11
    ],
    "2": [
      1.1418718016283764e-106,
      5.2333243019107766e-80,
      8.059529154395118e-64,
      6.983614622727738e-53,
      3.589260783710188e-44,
      2.294284291839274e-37,
      4.7207288314630875e-32,
      8.695748836961336e-28,
      2.7606099469800207e-24,
      2.3339763045438277e-21,
      6.540809711132885e-19,
      4.0873712649235075e-17,
      7.596113023397392e-16,
      8.133908810899818e-15,
      6.047678066717753e-14,
      3.3310430765306384e-13,
      1.4245057293969812e-12
    ]
  },
  "vac_1_Cr-split": {
    "-1": [
      6.669239280704019e-81,
      7.734376832103797e-65,
      2.4760582554587577e-55,
      4.299421972093734e-49,
      4.2151336607849546e-45,
      2.954158342014708e-42,
      4.6239792002271254e-40,
      2.5501674374844007e-38,
      6.606990575605144e-37,
      9.743634909591928e-36,
      9.733333934870266e-35,
      9.82960643792678e-34,
      1.0079311318791915e-32,
      8.424722505998119e-32,
      5.692208268411727e-31,
      3.215256530517713e-30,
      1.5625771728765644e-29
    ],
    "-2": [
      2.1754403107707886e-76,
      3.463426277588694e-60,
      1.1273062330243933e-50,
      1.7277439976011234e-44,
      5.645122233903706e-41,
      1.2931085473899974e-38,
      8.419772382938379e-37,
      2.293774260480505e-35,
      3.328437925989859e-34,
      3.0253128640644284e-33,
      2.092181959209994e-32,
      2.198213097986498e-31,
      3.266826941353436e-30,
      4.168763902580299e-29,
      4.291299137912569e-28,
      3.678504409580265e-27,
      2.7039023091910534e-26
    ],
    "-3": [
      4.234555604527991e-76,
      9.237470169635932e-59,
      1.2140310566060297e-48,
      4.1088925863523673e-42,
      8.588421851046308e-39,
      1.0455835018528568e-36,
      4.123752543102776e-35,
      7.4828401314547665e-34,
      7.759658339333204e-33,
      5.324608857765675e-32,
      3.02766530279082e-31,
      3.838329189010909e-30,
      9.41045790645675e-29,
      2.055948825335561e-27,
      3.572287336860394e-26,
      5.097175982866206e-25,
      6.164022028333693e-24
    ],
    "0": [
      3.256631865724656e-67,
      8.72820496246091e-56,
      5.473217400198183e-49,
      1.6942699099557266e-44,
      2.550556845325414e-41,
      5.843571049021809e-39,
      3.837026229105195e-37,
      1.0541313939687534e-35,
      1.5410520483310202e-34,
      1.406640841865676e-33,
      8.952596548875278e-33,
      4.297908135670681e-32,
      1.648708696799841e-31,
      5.275125363548951e-31,
      1.4546177626098832e-30,
      3.5457680724390655e-30,
      7.795763686376587e-30
    ]
  },
  "inter_1_Cr": {
    "0": [
      5.736279623610457e-230,
      2.6091379551752534e-171,
      4.685902014178235e-136,
      1.6385653542948205e-112,
      1.1518489753702626e-95,
      5.2457197265324085e-83,
      3.832990862205734e-73,
      3.0869362673443524e-65,
      9.343235672881143e-59,
      2.4088181941722194e-53,
      9.323305053648746e-49,
      8.12284798198745e-45,
      2.1439886495206912e-41,
      2.1429722006525437e-38,
      9.62071855546364e-36,
      2.215570105017509e-33,
      2.9063636312223233e-31
    ],
    "1": [
      3.7674475246339143e-184,
      3.737841124955905e-138,
      2.0190324270080834e-110,
      7.812934397809303e-92,
      4.342239598202943e-78,
      1.2499395068865034e-67,
      1.7902008781686553e-59,
      6.222752509313931e-53,
      1.4424889315593915e-47,
      4.373017653126479e-43,
      2.6525571285214627e-39,
      3.3091817945856907e-36,
      1.1571010584615256e-33,
      1.787502380250161e-31,
      1.4728829748294844e-29,
      7.200310672732293e-28,
      2.266423081492032e-26
    ],
    "2": [
      1.0191599752069174e-163,
      4.475712155758137e-124,
      4.426031080246727e-100,
      6.318607342269717e-84,
      1.760296153414879e-71,
      7.196135298525296e-62,
      2.2730834069735154e-54,
      2.3646430216734917e-48,
      2.0470537320939026e-43,
      2.732464221266007e-39,
      7.938447687634227e-36,
      3.694685188402646e-33,
      3.9244969760850825e-31,
      1.936901709561807e-29,
      5.55936007843284e-28,
      1.0196695302250715e-26,
      1.2819899949542879e-25
    ],
    "3": [
      4.631096241868892e-161,
      3.903718372480644e-123,
      4.280927544153507e-100,
      1.61410691892278e-84,
      4.762723375994596e-72,
      2.7250705294544516e-62,
      1.1252573703184513e-54,
      1.454639454842702e-48,
      1.5073749756636865e-43,
      2.338622909618981e-39,
      7.398456078120365e-36,
      2.5972495225338882e-33,
      1.5426056339652806e-31,
      4.148424387321772e-30,
      6.643167714347367e-29,
      6.948797957221436e-28,
      5.0754738445329925e-27
    ]
  },