{
  "vac_1_Cr": {
    "-1": [
      7.706062243451275e-77,
      1.2022511663094598e-60,
      4.405651529482177e-51,
      8.64479132422481e-45,
      2.472484379445103e-40,
      4.470894456669616e-37,
      9.050154837299732e-35,
      4.879697585939051e-33,
      1.2182265993237101e-31,
      1.733250213867601e-30,
      1.604114415496058e-29,
      1.060618238663938e-28,
      5.373348120029686e-28,
      2.2271832854382776e-27,
      8.511992232461362e-27,
      3.397177283061037e-26,
      1.3351917982153865e-25
    ],
    "-2": [
      7.3025074031983695e-84,
      8.261365079979438e-65,
      1.2731915961900944e-53,
      2.738476275838469e-46,
      4.2455925267634754e-41,
      2.3636749761056693e-37,
      7.087813760046486e-35,
      4.1706508950853535e-33,
      1.0995581369052996e-31,
      1.633232367647172e-30,
      1.5655874230295172e-29,
      1.0658779982817996e-28,
      5.5432430476287175e-28,
      2.387934569813258e-27,
      1.0416934323260807e-26,
      5.729597142601696e-26,
      3.4514851779777316e-25
    ],
    "-3": [
      1.2113951943933007e-99,
      1.5317837676302832e-75,
      2.040485911131909e-61,
      3.6117206730574765e-52,
      1.2820821065949831e-45,
      6.481610479367297e-41,
      6.684423149389323e-38,
      8.428683356693185e-36,
      4.07919752455664e-34,
      1.003420377859554e-32,
      1.4727472355112575e-31,
      1.443819696145111e-30,
      1.0309761285384316e-29,
      5.953969375556391e-29,
      3.7111255508153675e-28,
      3.434414442228662e-27,
      3.7903275363171013e-26
    ],
    "0": [
      1.485799806438091e-67,
      5.433280752387457e-55,
      1.6344255847566659e-47,
      1.4394781680603167e-42,
      4.5768850235813536e-39,
      1.8404369969698573e-36,
      1.87740515008641e-34,
      7.368268948570152e-33,
      1.449975878652182e-31,
      1.705983236468236e-30,
      1.3549689067774952e-29,
      7.918885592811618e-29,
      3.6268314664072707e-28,
      1.3639041060069093e-27,
      4.3635453964142585e-27,
      1.2206079284496418e-26,
      3.050564498536322e-26
    ]
  },
  "vac_2_O": {
    "0": [
      4.607432672267213e-126,
      8.83536298796102e-93,
      9.143509425376144e-73,
      2.172840353509362e-59,
      8.239394180413138e-50,
      1.3157680653374473e-42,
      5.454359922634825e-37,
      1.7495678659547702e-32,
      8.704029352471857e-29,
      1.068112954604857e-25,
      4.458977417051516e-23,
      7.96905073666459e-21,
      7.217180266368684e-19,
      3.759822917219522e-17,
      1.2414468893093849e-15,
      2.801904773563892e-14,
      4.587971137240837e-13
    ],
    "1": [
      2.2620919930990086e-115,
      7.243864654510623e-86,
      4.985609542707075e-68,
      4.59733851135343e-56,
      1.740687509606844e-47,
      5.688160800058022e-41,
      1.1106757381524683e-35,
      2.4481054690107055e-31,
      9.117215917333361e-28,
      8.81573496135417e-25,
      3.0141226735852056e-22,
      4.5465770670226604e-20,
      3.554445054105823e-18,
      1.6039550010930913e-16,
      4.2320214821142894e-15,
      6.390640916213767e-14,
      6.353491994684119e-13
    ],
    "2": [
      1.0271336758767438e-106,
      1.7829237009579607e-80,
      1.661110463242665e-64,
      9.566908775184699e-54,
      5.083905063580738e-46,
      4.386746166949536e-40,
      4.916035635205495e-35,
      8.714175575689307e-31,
      2.7611810605478848e-27,
      2.3392003605661964e-24,
      7.161982359592525e-22,
      9.839477137517163e-20,
      7.090644483749746e-18,
      2.934427312179572e-16,
      6.504583141607863e-15,
      6.868870776011578e-14,
      4.312212440565315e-13
    ]
  },
  "vac_1_Cr-split": {
    "-1": [
      7.031880624074051e-78,
      1.325097311432409e-61,
      5.454016365062377e-52,
      1.16162082167647e-45,
      3.5417274828962776e-41,
      6.755945428096302e-38,
      1.4328901190616884e-35,
      8.055806699940075e-34,
      2.0890977852548e-32,
      3.0777653992450517e-31,
      2.9414451702258144e-30,
      2.003420728635284e-29,
      1.0432387569156658e-28,
      4.435510140535968e-28,
      1.7356628959753237e-27,
      7.080486196189991e-27,
      2.840033753671767e-26
    ],
    "-2": [
      7.647818130469983e-75,
      3.214776890026197e-58,
      1.7296294252074642e-48,
      3.988301902918506e-42,
      1.2603203015464771e-37,
      2.1386499640363507e-34,
      2.556786020786554e-32,
      7.2382129561043605e-31,
      1.0523267848367147e-29,
      9.545513901312454e-29,
      6.042236505865148e-28,
      2.8876320786441327e-27,
      1.1067049071943291e-26,
      3.654123679466881e-26,
      1.2617054664582411e-25,
      5.641130983240979e-25,
      2.8245876040366606e-24
    ],
    "-3": [
      4.963561529477879e-76,
      4.6453707808251195e-58,
      1.2974676309601977e-47,
      8.103781775186056e-41,
      5.0947718558377833e-36,
      1.250592476119771e-32,
      1.227110421430544e-30,
      2.3587802827185098e-29,
      2.4530581512162413e-28,
      1.6781517913965044e-27,
      8.356131488364675e-27,
      3.2497527382572416e-26,
      1.043444410712433e-25,
      3.0003796759230422e-25,
      1.0127451616394163e-24,
      5.443421727133454e-24,
      3.7009247972077384e-23
    ],
    "0": [
      1.0298374196372375e-62,
      2.760100756615934e-51,
      1.7307833113891442e-44,
      5.357751886548408e-40,
      8.065568932962033e-37,
      1.8478994183928756e-34,
      1.21337423257793e-32,
      3.333456158029493e-31,
      4.873234465593905e-30,
      4.4481889101121424e-29,
      2.8310596067009013e-28,
      1.359117888288732e-27,
      5.213674680015458e-27,
      1.668141109173856e-26,
      4.59990525478531e-26,
      1.1212703163612349e-25,
      2.4652369349380385e-25
    ]
  },
  "inter_1_Cr": {
    "0": [
      1.813970890622424e-234,
      8.250818667948465e-176,
      1.481812325717406e-140,
      5.1815986146124726e-117,
      3.642466282701272e-100,
      1.6588422302717552e-87,
      1.2120981375182731e-77,
      9.76174959658675e-70,
      2.954590544204033e-63,
      7.61735196283806e-58,
      2.9482879290088395e-53,
      2.568670071038254e-49,
      6.779887410033858e-46,
      6.776673116485362e-43,
      3.0423383362710296e-40,
      7.006247847633805e-38,
      9.190728783340238e-36
    ],
    "1": [
      3.5731563663437735e-187,
      2.1817168859614852e-141,
      9.166165948743596e-114,
      2.8917441207698104e-95,
      5.1678511071131004e-82,
      5.465584736558472e-72,
      5.777031689143612e-64,
      1.9698909633587247e-57,
      4.5620223445238256e-52,
      1.384416352062329e-47,
      8.777394382380387e-44,
      1.6236207506192375e-40,
      1.1179398501277312e-37,
      3.3951475828661417e-35,
      4.830406104300594e-33,
      3.2696689564505273e-31,
      1.2469784792668078e-29
    ],
    "2": [
      2.899025127645034e-165,
      4.8218895498684715e-126,
      2.884717588406686e-102,
      2.7372390993811977e-86,
      7.88457262943751e-75,
      4.3510552073400454e-66,
      7.48550904868555e-59,
      7.493503342928306e-53,
      6.474691489960874e-48,
      8.660150982604818e-44,
      2.748763147566062e-40,
      2.812583166030234e-37,
      1.1584526615353204e-34,
      2.209691471320217e-32,
      1.8908436038478346e-30,
      6.649125635250943e-29,
      1.2272147986356869e-27
    ],
    "3": [
      3.950920005655349e-161,
      7.762670348144967e-124,
      4.005632869497003e-101,
      8.184070273276278e-86,
      8.028676979129397e-75,
      2.2783511346745968e-66,
      3.7814713830612683e-59,
      4.6146029663049475e-53,
      4.768217498069358e-48,
      7.42021807763203e-44,
      2.6806721259876592e-40,
      3.0676483586356295e-37,
      1.3912217302291914e-34,
      2.8426229901999754e-32,
      2.343265097824494e-30,
      6.50679808268148e-29,
      8.453382410130806e-28
    ]
  },