{
  "vac_1_Cr": {
    "-1": [
      2.4386917846882974e-73,
      4.1379493981223833e-57,
      2.0768988184366378e-47,
      5.448143999749631e-41,
      1.857035637160835e-36,
      4.274515485646e-33,
      1.6690207388746e-30,
      1.8951629381192938e-28,
      8.675230182468057e-27,
      1.945196381546927e-25,
      2.3917629131846154e-24,
      1.7902387916431272e-23,
      9.401975033897538e-23,
      3.8672299835572037e-22,
      1.3220091211398268e-21,
      3.891791721231525e-21,
      1.0120342794744736e-20
    ],
    "-2": [
      4.112641099218439e-82,
      5.503408515218927e-63,
      1.5911244730346716e-51,
      6.116417327136619e-44,
      1.3468265631929851e-38,
      1.2149900225833837e-34,
      1.3555756052581597e-31,
      3.5376196073124166e-29,
      3.1356245409601544e-27,
      1.156784229889601e-25,
      1.9572346481836017e-24,
      1.7076986779972742e-23,
      9.543598329599157e-23,
      4.0486525336863365e-22,
      1.4130137626232098e-21,
      4.228504959158865e-21,
      1.1150880126362388e-20
    ],
    "-3": [
      1.2141128468091984e-99,
      1.9750012201982478e-75,
      6.760038804376807e-61,
      2.858882759440928e-51,
      1.7178129946495385e-44,
      1.7912671407429987e-39,
      1.325809435510981e-35,
      1.5614233847243816e-32,
      4.6583650899476e-30,
      4.485279262790503e-28,
      1.5437485882503666e-26,
      2.195677638368923e-25,
      1.746509518579639e-24,
      9.856863022531694e-24,
      4.3965837047360966e-23,
      1.6328520564023953e-22,
      5.219530530140952e-22
    ],
    "0": [
      2.642167203228954e-62,
      9.661891290931055e-50,
      2.906465364613769e-42,
      2.5597943874623003e-37,
      8.138980399550457e-34,
      3.2728112171853395e-31,
      3.338550922699672e-29,
      1.3102840958871626e-27,
      2.5784622500602335e-26,
      3.0337148632830367e-25,
      2.4095133081653672e-24,
      1.4081991200150917e-23,
      6.449519720393388e-23,
      2.425402588979622e-22,
      7.759602933213656e-22,
      2.1705819468922675e-21,
      5.42475603674287e-21
    ]
  },
  "vac_2_O": {
    "0": [
      1.4569981410240165e-129,
      2.7939870996307813e-96,
      2.8914315591406135e-76,
      6.871124509015053e-63,
      2.605525215004121e-53,
      4.1608239589795696e-46,
      1.7248200533865801e-40,
      5.532619377457263e-36,
      2.7524557574771343e-32,
      3.3776697348833743e-29,
      1.410052467313723e-26,
      2.520035111730266e-24,
      2.2822727925745634e-22,
      1.1889604017312334e-20,
      3.9257997643486145e-19,
      8.860400871360219e-18,
      1.450843863279393e-16
    ],
    "1": [
      4.019627972824252e-117,
      1.183532965000396e-87,
      5.947207162168566e-70,
      4.102158336225481e-58,
      1.3032691991133112e-49,
      3.34564138770098e-43,
      3.3867376946340017e-38,
      3.5446754490910846e-34,
      7.199615628332842e-31,
      4.417294295123741e-28,
      1.136784486452306e-25,
      1.5147211334010792e-23,
      1.1423460632828286e-21,
      5.194552481536503e-20,
      1.5323029251103289e-18,
      3.136989297877998e-17,
      4.713688941567499e-16
    ],
    "2": [
      1.0256003561754403e-106,
      1.5050565611921903e-80,
      7.47460283982343e-65,
      2.4087043985923359e-54,
      9.012059882818203e-47,
      4.799075154589451e-41,
      1.4454516694939103e-36,
      5.7772214139001396e-33,
      5.4448889643298304e-30,
      1.8572186711083252e-27,
      3.2215707649092184e-25,
      3.453570105761323e-23,
      2.3159942638452302e-21,
      9.732743387734935e-20,
      2.6965781016604512e-18,
      5.233865873056919e-17,
      7.505800445198897e-16
    ]
  },
  "vac_1_Cr-split": {
    "-1": [
      2.2253375286984392e-74,
      4.5607654839104656e-58,
      2.5711157744841974e-48,
      7.320798469555086e-42,
      2.660123642247774e-37,
      6.4591981833739036e-34,
      2.642521999055659e-31,
      3.1286910767527665e-29,
      1.4876874442596003e-27,
      3.454122243840757e-26,
      4.385746678260806e-25,
      3.38161401872825e-24,
      1.8253990859727147e-23,
      7.70171809388253e-23,
      2.695681712387841e-22,
      8.11137461033449e-22,
      2.1526581554964853e-21
    ],
    "-2": [
      4.3071139029510654e-73,
      2.141562603736562e-56,
      2.1615408992360264e-46,
      8.907916814942564e-40,
      3.9981059170277583e-35,
      1.0993213510191122e-31,
      4.889965897778616e-29,
      6.139579820883934e-27,
      3.0009342670417522e-25,
      6.760887284604465e-24,
      7.553761909325305e-23,
      4.6264258115771205e-22,
      1.9053732648755376e-21,
      6.195428166373011e-21,
      1.711450925155076e-20,
      4.1632159721211717e-20,
      9.125531808737512e-20
    ],
    "-3": [
      4.974696817982007e-76,
      5.989496137954449e-58,
      4.2984523857105812e-47,
      6.414605142689119e-40,
      6.826290807518166e-35,
      3.4561552504038306e-31,
      2.4338892658151204e-28,
      4.369667879312114e-26,
      2.8013452122495846e-24,
      7.501322073826803e-23,
      8.758981770499986e-22,
      4.9420363475236235e-21,
      1.7676312234324058e-20,
      4.967162176308269e-20,
      1.1998028128517283e-19,
      2.5880110017378994e-19,
      5.096417073114219e-19
    ],
    "0": [
      1.8313386790287078e-57,
      4.908230345122825e-46,
      3.0778163258824526e-39,
      9.527579863946563e-35,
      1.434283516373639e-31,
      3.2860814875509263e-29,
      2.1577184144650957e-27,
      5.92781645009134e-26,
      8.665972510457547e-25,
      7.910122750815951e-24,
      5.034415007189102e-23,
      2.4168913565594656e-22,
      9.271370334112822e-22,
      2.966420987483326e-21,
      8.179916802714586e-21,
      1.993931916673012e-20,
      4.3838800822677904e-20
    ]
  },
  "inter_1_Cr": {
    "0": [
      1.020070794489238e-239,
      4.6397763036395115e-181,
      8.332843069272662e-146,
      2.913827031545552e-122,
      2.0483093163753265e-105,
      9.328355380527531e-93,
      6.816128729127847e-83,
      5.489435204320913e-75,
      1.6614883620225828e-68,
      4.283551797223692e-63,
      1.6579441410415296e-58,
      1.4444693317244202e-54,
      3.8126108707997517e-51,
      3.81080334070622e-48,
      1.710832571696041e-45,
      3.9399026992503994e-43,
      5.1683266034886e-41
    ],
    "1": [
      1.1290875516746582e-190,
      6.338820073281906e-145,
      1.9443861527142962e-117,
      4.588447825215124e-99,
      6.880552468648648e-86,
      5.716683582781397e-76,
      3.132557317531683e-68,
      5.0721085691997896e-62,
      6.406258796497936e-57,
      1.2335720758361586e-52,
      5.886848057411846e-49,
      9.61906193083577e-46,
      6.38916820171552e-43,
      1.95530547195443e-40,
      3.110143385696943e-38,
      2.8541211600266975e-36,
      1.6451571570606336e-34
    ],
    "2": [
      5.147580823600122e-167,
      7.238312372531018e-128,
      2.3083035005654268e-104,
      1.225531865148594e-88,
      2.485448649966034e-77,
      8.464662361075334e-69,
      3.913901506520762e-62,
      8.834411240798227e-57,
      2.2704566885288304e-52,
      1.222703294879063e-48,
      2.198729220694235e-45,
      1.7555032123847858e-42,
      6.728682872314946e-40,
      1.3032974820841625e-37,
      1.393956248541718e-35,
      9.009522658360866e-34,
      3.798546518020768e-32
    ],
    "3": [
      3.942076324174881e-161,
      6.020620296912849e-124,
      1.2090814375331098e-101,
      1.0339205306036063e-86,
      5.992167440014556e-76,
      8.244099528370555e-68,
      1.906530016657031e-61,
      2.490998123914172e-56,
      4.175392147052843e-52,
      1.660007680909832e-48,
      2.5573804523020648e-45,
      2.0172046404478387e-42,
      8.212473955118767e-40,
      1.7170665952458468e-37,
      1.9779336778013884e-35,
      1.3685894701975337e-33,
      6.138691581381041e-32
    ]
  },