{
  "vac_1_Cr": {
    "-1": [
      6.714610498198345e-81,
      5.387616812596272e-65,
      1.488915642037342e-55,
      1.4393511537716535e-49,
      9.331194234909945e-46,
      6.1823498420230016e-43,
      9.235475992809187e-41,
      4.884875104747233e-39,
      1.2187022729786005e-37,
      1.7782081479009332e-36,
      2.4530818695469445e-35,
      3.545433138066408e-34,
      3.956505145464261e-33,
      3.401261708388939e-32,
      2.3649310795010694e-31,
      1.3792642094721855e-30,
      6.872528460819572e-30
    ],
    "-2": [
      5.5443243745705414e-86,
      1.659032139678532e-67,
      1.45416491507223e-56,
      7.591602754507192e-50,
      6.047079196281354e-46,
      4.5196632310569924e-43,
      7.381061872499931e-41,
      4.179505984500882e-39,
      1.1004169803264278e-37,
      1.719058456532017e-36,
      3.6612613061673224e-35,
      1.1910442989941093e-33,
      3.005366457339155e-32,
      5.5691716680271085e-31,
      8.041081542952981e-30,
      9.444578881220192e-29,
      9.144327989263474e-28
    ],
    "-3": [
      8.014026684214594e-100,
      1.3784846687416366e-76,
      7.876140388103836e-63,
      1.6670587016441096e-54,
      6.891707844163335e-50,
      1.7138010545035266e-46,
      7.103522447027879e-44,
      8.455541160068205e-42,
      4.083977730157345e-40,
      1.0835449113380679e-38,
      5.266939372083746e-37,
      5.393163511645905e-35,
      4.115748993388401e-33,
      2.120600551078653e-31,
      7.959164072831293e-30,
      2.2984786201371697e-28,
      5.168867672484986e-27
    ],
    "0": [
      1.485799806438197e-73,
      5.4332807523874976e-61,
      1.6344255847567596e-53,
      1.439478168060328e-48,
      4.5768850235813885e-45,
      1.840436996969819e-42,
      1.8774051500863843e-40,
      7.368268948570207e-39,
      1.4499758786521623e-37,
      1.7059832364682487e-36,
      1.354968906777486e-35,
      7.918885592811677e-35,
      3.626831466407298e-34,
      1.3639041060069101e-33,
      4.3635453964142286e-33,
      1.2206079284496424e-32,
      3.0505644985363235e-32
    ]
  },
  "vac_2_O": {
    "0": [
      4.6074326722671677e-122,
      8.835362987961186e-89,
      9.143509425376185e-69,
      2.1728403535094024e-55,
      8.239394180413117e-46,
      1.315768065337444e-38,
      5.454359922634927e-33,
      1.7495678659547904e-28,
      8.704029352471927e-25,
      1.0681129546048544e-21,
      4.458977417051536e-19,
      7.969050736664597e-17,
      7.217180266368652e-15,
      3.7598229172194786e-13,
      1.2414468893093981e-11,
      2.801904773563877e-10,
      4.5879711372408526e-09
    ],
    "1": [
      2.5961031848253997e-113,
      1.6164744139025928e-83,
      1.4752251697197687e-65,
      2.761176935408154e-53,
      4.612295670469105e-44,
      4.113511405770393e-37,
      1.0883886669337455e-31,
      2.445510702135772e-27,
      9.113657362045522e-24,
      8.592849225893036e-21,
      1.970989101829089e-18,
      1.360110985876736e-16,
      4.827308431817378e-15,
      1.0502872390615628e-13,
      1.5232128452118e-12,
      1.5740378091206857e-11,
      1.23435362249745e-10
    ],
    "2": [
      1.3528521719557866e-106,
      8.878299130609821e-80,
      1.454382415792968e-63,
      3.451017336016538e-52,
      3.569357807978673e-43,
      2.29416255399207e-36,
      4.720722522311931e-31,
      8.695712914266988e-27,
      2.759026039105405e-23,
      2.2224129312018524e-20,
      3.062526426958303e-18,
      8.805450984765089e-17,
      1.307832715100964e-15,
      1.2582159141522985e-14,
      8.426455449354359e-14,
      4.1670319943424366e-13,
      1.6276250524234776e-12
    ]
  },
  "vac_1_Cr-split": {
    "-1": [
      6.127168191589633e-82,
      5.938124040515011e-66,
      1.843216655590421e-56,
      1.9340897972168466e-50,
      1.3366534221518885e-46,
      9.342116785557052e-44,
      1.462231589716772e-41,
      8.064354174444273e-40,
      2.0899135027735846e-38,
      3.1575980585358136e-37,
      4.498186505677657e-36,
      6.697031959152697e-35,
      7.681578445101208e-34,
      6.773726660402286e-33,
      4.822282509346121e-32,
      2.874698722601572e-31,
      1.4618283925863702e-30
    ],
    "-2": [
      5.806496608887463e-77,
      6.455855819002852e-61,
      1.9754814858499084e-51,
      1.1056368820552218e-45,
      1.7950984763822067e-42,
      4.089385259931991e-40,
      2.66256936949268e-38,
      7.2535810663938715e-37,
      1.0531487367696733e-35,
      1.0047129066903243e-34,
      1.4130291541834122e-33,
      3.2267273838147925e-32,
      6.000194791526045e-31,
      8.522194169141483e-30,
      9.739407223030673e-29,
      9.29875263905939e-28,
      7.483432248390127e-27
    ],
    "-3": [
      3.2836612469722766e-76,
      4.180467594257295e-59,
      5.0081390685977286e-49,
      3.740455352853328e-43,
      2.7386451290823366e-40,
      3.306688532349877e-38,
      1.304047668557626e-36,
      2.366296481199002e-35,
      2.455932766196918e-34,
      1.8121545806149335e-33,
      2.9883768832265713e-32,
      1.2138945005830527e-30,
      4.1655234919305544e-29,
      1.06863277132879e-27,
      2.1720108347407366e-26,
      3.64300484716321e-25,
      5.046949204071284e-24
    ],
    "0": [
      1.0298374196373113e-68,
      2.760100756615975e-57,
      1.730783311389231e-50,
      5.357751886548411e-46,
      8.065568932962094e-43,
      1.8478994183928503e-40,
      1.2133742325779133e-38,
      3.333456158029518e-37,
      4.873234465593839e-36,
      4.448188910112175e-35,
      2.831059606700883e-34,
      1.359117888288742e-33,
      5.2136746800154975e-33,
      1.668141109173845e-32,
      4.599905254785279e-32,
      1.1212703163612274e-31,
      2.465236934938039e-31
    ]
  },
  "inter_1_Cr": {
    "0": [
      1.81397089062232e-228,
      8.250818667948461e-170,
      1.481812325717321e-134,
      5.1815986146124694e-111,
      3.6424662827012704e-94,
      1.6588422302718012e-81,
      1.2120981375182898e-71,
      9.761749596586608e-64,
      2.954590544204073e-57,
      7.617351962838055e-52,
      2.948287929008859e-47,
      2.5686700710382344e-43,
      6.7798874100338065e-40,
      6.776673116485407e-37,
      3.0423383362710387e-34,
      7.006247847633803e-32,
      9.190728783340235e-30
    ],
    "1": [
      4.1007539263843035e-183,
      4.868519350841278e-137,
      2.712237811963024e-109,
      1.7367912216281317e-90,
      1.3693243132623229e-76,
      3.9525509111502047e-66,
      5.661108461268874e-58,
      1.9678030599233207e-51,
      4.560241734205435e-46,
      1.3494145447068988e-41,
      5.73969627107101e-38,
      4.857070247047953e-35,
      1.518279332677378e-32,
      2.223179689321023e-30,
      1.7385867857136303e-28,
      8.0533120671886e-27,
      2.422624289677524e-25
    ],
    "2": [
      3.818346659835661e-163,
      2.401122256409089e-123,
      2.5257095346429946e-99,
      9.873889055249186e-83,
      5.535677894353945e-70,
      2.275497042030392e-60,
      7.188111270805066e-53,
      7.477626911028635e-47,
      6.469638181724813e-42,
      8.227782388526481e-38,
      1.1753952129741229e-34,
      2.5170100873168714e-32,
      2.1367060400840436e-30,
      9.474656138327265e-29,
      2.4495204446847642e-27,
      4.0337225957512645e-26,
      4.632066667620913e-25
    ],
    "3": [
      5.972185640098478e-161,
      8.625944634993985e-123,
      1.0377465398814776e-99,
      1.7730974780069482e-83,
      1.493595394251997e-70,
      8.616743787955605e-61,
      3.5583691105620295e-53,
      4.599945347498937e-47,
      4.762636404954868e-42,
      6.871517691004809e-38,
      7.495724146333733e-35,
      8.212491817615264e-33,
      3.4849462289229535e-31,
      7.981177889109943e-30,
      1.09259601853853e-28,
      9.722536077578794e-28,
      6.1988602058240435e-27
    ]
  },