{
  "vac_1_Cr": {
    "-1": [
      7.704596294307144e-73,
      1.3087892032131387e-56,
      6.6254820792825285e-47,
      1.7874924909740854e-40,
      6.323175668050037e-36,
      1.4959641117725732e-32,
      5.943327042749958e-30,
      6.849825814992662e-28,
      3.2119354930545943e-26,
      7.586119880059124e-25,
      1.0305244540751034e-23,
      8.746308429347602e-23,
      5.007221550857197e-22,
      2.134969898006917e-21,
      7.386909248223342e-21,
      2.1832383924268034e-20,
      5.684590933505e-20
    ],
    "-2": [
      7.299729308262563e-82,
      9.790408384677176e-63,
      2.879442725013482e-51,
      1.170815346438584e-43,
      2.776781402011495e-38,
      2.6463133750987703e-34,
      3.0567472910095427e-31,
      8.218207050036908e-29,
      7.643559842931787e-27,
      3.128706728057088e-25,
      6.461349668340321e-24,
      7.248345594209104e-23,
      4.813573202092276e-22,
      2.194289968381848e-21,
      7.845181866345015e-21,
      2.366409957816777e-20,
      6.256293824562298e-20
    ],
    "-3": [
      1.2107039830237225e-99,
      1.9761547598692524e-75,
      6.939938502576435e-61,
      3.192885099975373e-51,
      2.1444746244780416e-44,
      2.4280811624988175e-39,
      1.8931489824461122e-35,
      2.3314150673481215e-32,
      7.476372742340076e-30,
      8.413142275522685e-28,
      3.904784736402163e-26,
      8.096737387089504e-25,
      8.342651445942169e-24,
      5.2446195410939465e-23,
      2.4254944313066207e-22,
      9.115941874920557e-22,
      2.9251182474826373e-21
    ],
    "0": [
      1.485799806438185e-61,
      5.433280752387378e-49,
      1.6344255847567234e-41,
      1.439478168060306e-36,
      4.576885023581482e-33,
      1.8404369969698825e-30,
      1.8774051500863958e-28,
      7.368268948570281e-27,
      1.4499758786521662e-25,
      1.705983236468254e-24,
      1.3549689067775088e-23,
      7.918885592811671e-23,
      3.6268314664073073e-22,
      1.3639041060069039e-21,
      4.3635453964142404e-21,
      1.2206079284496498e-20,
      3.050564498536342e-20
    ]
  },
  "vac_2_O": {
    "0": [
      4.607432672266996e-130,
      8.835362987961107e-97,
      9.143509425376233e-77,
      2.1728403535093834e-63,
      8.239394180412985e-54,
      1.3157680653374323e-46,
      5.454359922634878e-41,
      1.7495678659547748e-36,
      8.704029352471818e-33,
      1.0681129546048524e-29,
      4.45897741705148e-27,
      7.969050736664526e-25,
      7.217180266368678e-23,
      3.7598229172195055e-21,
      1.2414468893093838e-19,
      2.8019047735638793e-18,
      4.5879711372408325e-17
    ],
    "1": [
      2.262522400052885e-117,
      6.65419970465253e-88,
      3.31520907375363e-70,
      2.2233957500887198e-58,
      6.806425920988874e-50,
      1.6999850724688798e-43,
      1.6912728059570448e-38,
      1.7439880472739815e-34,
      3.457988171396983e-31,
      2.014188379402211e-28,
      4.691783500771901e-26,
      5.513391849520101e-24,
      3.814345032517872e-22,
      1.673232850900856e-20,
      4.876590841024638e-19,
      9.944008047893312e-18,
      1.4923027005038776e-16
    ],
    "2": [
      1.0275245773394636e-106,
      1.5044708070007465e-80,
      7.344865253863222e-65,
      2.2376502660002067e-54,
      7.773096337031797e-47,
      3.9182215677533e-41,
      1.1399027038503203e-36,
      4.422349539674397e-33,
      3.9720747465618025e-30,
      1.2210980687414095e-27,
      1.7353509841880192e-25,
      1.446907029909768e-23,
      8.165486238096123e-22,
      3.193388532202563e-20,
      8.636869933760517e-19,
      1.6631041566206425e-17,
      2.378970320170949e-16
    ]
  },
  "vac_1_Cr-split": {
    "-1": [
      7.0305429266798184e-74,
      1.4425214156648863e-57,
      8.202075775857178e-48,
      2.4018954515272825e-41,
      9.057677059112342e-37,
      2.2605436114576576e-33,
      9.409932478513786e-31,
      1.1308256653618247e-28,
      5.508045324775087e-27,
      1.3470817481840278e-25,
      1.8896602068758523e-24,
      1.6521058159876378e-23,
      9.721550641481118e-23,
      4.251864089616326e-22,
      1.5062495298319611e-21,
      4.550362849077198e-21,
      1.2091468917461282e-20
    ],
    "-2": [
      7.644908668877581e-73,
      3.8097794146941674e-56,
      3.91171987019563e-46,
      1.7051690808376507e-39,
      8.242981284357117e-35,
      2.3943808102620736e-31,
      1.1026600031148508e-28,
      1.4262793564338293e-26,
      7.315231895657544e-25,
      1.8285893763434154e-23,
      2.4936967600096614e-22,
      1.9636914626887014e-21,
      9.610267921002472e-21,
      3.3578000982279063e-20,
      9.502132334677244e-20,
      2.329872100925508e-19,
      5.119955344679641e-19
    ],
    "-3": [
      4.960729365227459e-76,
      5.992994425111887e-58,
      4.412843783347846e-47,
      7.1640213697754505e-40,
      8.521770100485808e-35,
      4.684854239382773e-31,
      3.4753976427906086e-28,
      6.524501703254335e-26,
      4.495976717656395e-24,
      1.4070403683707365e-22,
      2.215512200897726e-21,
      1.8224155387889497e-20,
      8.443544695968117e-20,
      2.642917503682426e-19,
      6.619037044837848e-19,
      1.4448435650365882e-18,
      2.856123264585221e-18
    ],
    "0": [
      1.0298374196372955e-56,
      2.760100756615933e-45,
      1.7307833113891926e-38,
      5.357751886548367e-34,
      8.065568932962257e-31,
      1.847899418392901e-28,
      1.2133742325779207e-26,
      3.333456158029515e-25,
      4.873234465593868e-24,
      4.4481889101122035e-23,
      2.83105960670092e-22,
      1.3591178882887454e-21,
      5.213674680015493e-21,
      1.6681411091738374e-20,
      4.599905254785275e-20,
      1.1212703163612385e-19,
      2.4652369349380545e-19
    ]
  },
  "inter_1_Cr": {
    "0": [
      1.813970890622322e-240,
      8.250818667948469e-182,
      1.4818123257173647e-146,
      5.181598614612474e-123,
      3.6424662827011704e-106,
      1.6588422302717557e-93,
      1.212098137518291e-83,
      9.761749596586617e-76,
      2.9545905442040336e-69,
      7.617351962838063e-64,
      2.948287929008799e-59,
      2.568670071038237e-55,
      6.779887410033813e-52,
      6.776673116485415e-49,
      3.0423383362710522e-46,
      7.006247847633759e-44,
      9.190728783340179e-42
    ],
    "1": [
      3.573836228768356e-191,
      2.0041208043777033e-145,
      6.0950935416223685e-118,
      1.398524727423443e-99,
      2.0207300585049266e-86,
      1.6334651552692324e-76,
      8.796929886353029e-69,
      1.4033162941786599e-62,
      1.730289097905477e-57,
      3.1630662001549145e-53,
      1.366289252389179e-49,
      1.9688784070337587e-46,
      1.1996832836289757e-43,
      3.5417904276845634e-41,
      5.5661140346796154e-39,
      5.087692274244421e-37,
      2.9288922589924345e-35
    ],
    "2": [
      2.900128424313498e-167,
      4.068818008567192e-128,
      1.2755239612984861e-104,
      6.402260064111758e-89,
      1.205520989445378e-77,
      3.886342566235106e-69,
      1.7356977527149516e-62,
      3.802871628108794e-57,
      9.314115226456352e-53,
      4.520730168367436e-49,
      6.660263309696146e-46,
      4.135937609548495e-43,
      1.3340577555300242e-40,
      2.4046952449398525e-38,
      2.5106866829101737e-36,
      1.6098990419935846e-34,
      6.770324103156058e-33
    ],
    "3": [
      3.9531756526724745e-161,
      6.017105883721342e-124,
      1.177739173386178e-101,
      9.25763842738189e-87,
      4.799974304698571e-76,
      6.081915554662776e-68,
      1.3351804367254808e-61,
      1.6683012718144223e-56,
      2.6015959456543073e-52,
      8.849960910467672e-49,
      1.0110550848183339e-45,
      5.470266490435715e-43,
      1.7192572441317506e-40,
      3.2270959022459375e-38,
      3.5853106338346754e-36,
      2.4514242866453014e-34,
      1.0953775339411393e-32
    ]
  },