{
  "vac_1_Cr": {
    "-1": [
      7.57597912097072e-79,
      8.887735461180975e-63,
      2.6483022758768816e-53,
      4.829256428650603e-47,
      8.670971518134815e-43,
      6.177014492923482e-40,
      9.235277257219154e-38,
      4.8848592107163975e-36,
      1.2183335673325826e-34,
      1.7333704240045864e-33,
      1.6074665460855164e-32,
      1.1137034330086517e-31,
      7.7855759748924616e-31,
      5.607401588197926e-30,
      3.495277254057203e-29,
      1.840092850711073e-28,
      8.34701119976945e-28
    ],
    "-2": [
      7.058046560391678e-85,
      4.5148532602861736e-66,
      4.600537601253629e-55,
      8.545952752029238e-48,
      5.221637474179774e-43,
      4.511865685909989e-40,
      7.380744213961324e-38,
      4.179478786634932e-36,
      1.0997512417158599e-34,
      1.6334589222362053e-33,
      1.572137500617383e-32,
      1.1752450542699433e-31,
      1.1637386529371769e-30,
      1.5136791405658734e-29,
      1.756470055439023e-28,
      1.6809977821320286e-27,
      1.3489029154649475e-26
    ],
    "-3": [
      1.1510776356259462e-99,
      6.188497224993692e-76,
      4.432062053952655e-62,
      6.29638697482785e-53,
      5.529914906564415e-47,
      1.709367867248918e-43,
      7.103063880837735e-41,
      8.455458624368544e-39,
      4.080272157023564e-37,
      1.0036291699878293e-35,
      1.481999377539804e-34,
      1.671646194222353e-33,
      3.1360712226687117e-32,
      9.502189812242948e-31,
      2.569548879747913e-29,
      5.457795787520272e-28,
      9.260592232982414e-27
    ],
    "0": [
      1.4857998064381543e-70,
      5.4332807523874966e-58,
      1.6344255847567126e-50,
      1.4394781680603174e-45,
      4.5768850235814524e-42,
      1.8404369969698578e-39,
      1.877405150086397e-37,
      7.368268948570207e-36,
      1.449975878652172e-34,
      1.7059832364682484e-33,
      1.3549689067774952e-32,
      7.918885592811734e-32,
      3.6268314664073223e-31,
      1.3639041060069e-30,
      4.363545396414259e-30,
      1.2206079284496509e-29,
      3.0505644985363226e-29
    ]
  },
  "vac_2_O": {
    "0": [
      4.607432672267125e-124,
      8.835362987960851e-91,
      9.14350942537623e-71,
      2.1728403535094128e-57,
      8.239394180412982e-48,
      1.3157680653374502e-40,
      5.454359922634837e-35,
      1.749567865954774e-30,
      8.704029352471845e-27,
      1.0681129546048556e-23,
      4.458977417051526e-21,
      7.969050736664552e-19,
      7.217180266368662e-17,
      3.759822917219525e-15,
      1.241446889309392e-13,
      2.801904773563883e-12,
      4.587971137240847e-11
    ],
    "1": [
      2.300933175882461e-114,
      9.798834323446728e-85,
      8.29393929360119e-67,
      8.229637971114829e-55,
      4.9634838126235405e-46,
      4.117064419835725e-39,
      1.0884120881649428e-33,
      2.4455186591762515e-29,
      9.116415438335441e-26,
      8.815123585567017e-23,
      3.0078371724411134e-20,
      4.329862347419014e-18,
      2.4531609107433396e-16,
      6.370690083172186e-15,
      1.0306173549337856e-13,
      1.1798393834513615e-12,
      1.0163075379081399e-11
    ],
    "2": [
      1.0627092366119163e-106,
      3.262427980312372e-80,
      4.597097264388907e-64,
      3.065632759054798e-53,
      4.1336054928063744e-45,
      2.2981273963289325e-38,
      4.7209256966496144e-33,
      8.695769501426506e-29,
      2.7606962260459337e-25,
      2.3388759223026246e-22,
      7.132143022944192e-20,
      8.923825850083123e-18,
      3.3774907827071487e-16,
      4.629264045178205e-15,
      3.857612896758589e-14,
      2.3412203626598646e-13,
      1.1033809143908975e-12
    ]
  },
  "vac_1_Cr-split": {
    "-1": [
      6.913178106550506e-80,
      9.795885164732604e-64,
      3.2784898795575256e-54,
      6.489184770736527e-48,
      1.242079358903015e-43,
      9.334054567201077e-41,
      1.462200124369672e-38,
      8.06432793526903e-37,
      2.0892812212678822e-35,
      3.0779788586736623e-34,
      2.9475919314774296e-33,
      2.1036943000834043e-32,
      1.5115742402102943e-31,
      1.1167328153513342e-30,
      7.127148234320308e-30,
      3.83516989064164e-29,
      1.7754597939641402e-28
    ],
    "-2": [
      7.391797566219883e-76,
      1.7568822806537251e-59,
      6.24982542353632e-50,
      1.2446278948585756e-43,
      1.550062959301809e-39,
      4.0823300514889e-37,
      2.6624547805745e-35,
      7.253533864182359e-34,
      1.0525115948595857e-32,
      9.54683801172189e-32,
      6.067515910474272e-31,
      3.183924731018324e-30,
      2.323396731536471e-29,
      2.3162991400930322e-28,
      2.1274472909644934e-27,
      1.6550428303303783e-26,
      1.1038999901786003e-25
    ],
    "-3": [
      4.716416819283249e-76,
      1.876757333097795e-58,
      2.818180229541804e-48,
      1.4127489536153604e-41,
      2.197492242206491e-37,
      3.2981349319082546e-35,
      1.3039634860727167e-33,
      2.3662733834537503e-32,
      2.4537043900700064e-31,
      1.678500981917086e-30,
      8.408626657579966e-30,
      3.7625451512925203e-29,
      3.173997824303448e-28,
      4.788431950366286e-27,
      7.012153482624567e-26,
      8.650407419311443e-25,
      9.042161951305994e-24
    ],
    "0": [
      1.029837419637267e-65,
      2.760100756615974e-54,
      1.7307833113891816e-47,
      5.357751886548409e-43,
      8.065568932962209e-40,
      1.847899418392876e-37,
      1.2133742325779213e-35,
      3.333456158029494e-34,
      4.873234465593872e-33,
      4.448188910112174e-32,
      2.8310596067008826e-31,
      1.359117888288761e-30,
      5.213674680015534e-30,
      1.6681411091738328e-29,
      4.599905254785278e-29,
      1.121270316361235e-28,
      2.465236934938039e-28
    ]
  },
  "inter_1_Cr": {
    "0": [
      1.813970890622372e-231,
      8.250818667948697e-173,
      1.4818123257173635e-137,
      5.181598614612471e-114,
      3.642466282701168e-97,
      1.6588422302717545e-84,
      1.2120981375182902e-74,
      9.76174959658661e-67,
      2.954590544204032e-60,
      7.617351962838057e-55,
      2.9482879290088387e-50,
      2.568670071038217e-46,
      6.779887410033809e-43,
      6.776673116485409e-40,
      3.042338336271029e-37,
      7.006247847633755e-35,
      9.190728783340239e-33
    ],
    "1": [
      3.634509140661468e-185,
      2.9512260824600908e-139,
      1.5248611685838246e-111,
      5.176474858282604e-93,
      1.4735870266569425e-79,
      3.955964896817381e-69,
      5.6612302836786355e-61,
      1.967809462630372e-54,
      4.5616218052464786e-49,
      1.38432034207102e-44,
      8.759090441762422e-41,
      1.546230109148462e-37,
      7.715652652240781e-35,
      1.3485062250705895e-32,
      1.1763409953163003e-30,
      6.036459028516616e-29,
      1.9946725818627445e-27
    ],
    "2": [
      2.9994350810164895e-164,
      8.823185970893939e-125,
      7.983410873417117e-101,
      8.771244766328744e-85,
      6.410763443037044e-73,
      2.2794296260549414e-63,
      7.1884206386486655e-56,
      7.477675571520545e-50,
      6.473554601884709e-45,
      8.658949852340614e-41,
      2.737310833833835e-37,
      2.550847165123069e-34,
      5.518064254250868e-32,
      3.485942635778493e-30,
      1.1213851084934927e-28,
      2.2663213268618633e-27,
      3.140117527454587e-26
    ],
    "3": [
      4.157951957498028e-161,
      1.9214248630070276e-123,
      1.844161326235534e-100,
      4.694529722191166e-85,
      1.861407140705487e-73,
      8.639091019039676e-64,
      3.5585988350574755e-56,
      4.599990248636155e-50,
      4.7669616795514776e-45,
      7.418674396787525e-41,
      2.6639366538832267e-37,
      2.6495625308474754e-34,
      4.573609116407951e-32,
      1.78115682430345e-30,
      3.384310392150817e-29,
      4.0945176730367275e-28,
      3.459939420507091e-27
    ]
  },